sector,Avg_Yearly_Return
AUTOMOBILE,0.3827503793135239
BANKING,0.18667366605182245
ENERGY,0.15898559365406886
FINANCIALS,0.13103858865241816
FMCG,0.2876013646469475
IT,0.6835220785978179
METALS,0.3712703036767261
PHARMA,0.3206896825696895
TELECOM,0.49564412216025
